id,title,description,availability,condition,price,link,image_link,brand,product_type
AA-SPORT-12x50,Aïn Atlas bouchons sport pack 12x50cl,Eau de source bouchon sport 12x50cl | Vendu par pack de 12,in stock,new,42.00 MAD,https://oulmes.ma/produit/AA-SPORT-12x50,https://oulmes.ma/images/AA-SPORT-12x50.jpg,Aïn Atlas,Eau plate > Aïn Atlas
AA-12x33,Aïn Atlas pack 12x33cl,Eau de source naturelle 12x33cl | Vendu par pack de 12,in stock,new,24.00 MAD,https://oulmes.ma/produit/AA-12x33,https://oulmes.ma/images/AA-12x33.jpg,Aïn Atlas,Eau plate > Aïn Atlas
AA-12x50,Aïn Atlas pack 12x50cl,Eau de source naturelle 12x50cl | Vendu par pack de 12,in stock,new,36.00 MAD,https://oulmes.ma/produit/AA-12x50,https://oulmes.ma/images/AA-12x50.jpg,Aïn Atlas,Eau plate > Aïn Atlas
AA-2x5L,Aïn Atlas pack 2x5L,Eau de source naturelle 2x5L | Vendu par pack de 2,in stock,new,23.80 MAD,https://oulmes.ma/produit/AA-2x5L,https://oulmes.ma/images/AA-2x5L.jpg,Aïn Atlas,Eau plate > Aïn Atlas
AA-6x150,"Aïn Atlas pack 6x1,5L","Eau de source naturelle 6x1,5L | Vendu par pack de 6",in stock,new,33.00 MAD,https://oulmes.ma/produit/AA-6x150,https://oulmes.ma/images/AA-6x150.jpg,Aïn Atlas,Eau plate > Aïn Atlas
BAH-BON-AC,"Bahia bonbonne 18,9L avec consignation","Bonbonne Bahia 18,9L avec consignation | Vendu par unité de 1",in stock,new,59.00 MAD,https://oulmes.ma/produit/BAH-BON-AC,https://oulmes.ma/images/BAH-BON-AC.jpg,Bahia,Bonbonne & Fontaine > Bahia
BAH-BON-SC,"Bahia bonbonne 18,9L sans consignation","Bonbonne Bahia 18,9L sans consignation | Vendu par unité de 1",in stock,new,39.00 MAD,https://oulmes.ma/produit/BAH-BON-SC,https://oulmes.ma/images/BAH-BON-SC.jpg,Bahia,Bonbonne & Fontaine > Bahia
BAH-2x5L,Bahia pack 2x5L,Eau plate naturelle 2x5L | Vendu par pack de 2,in stock,new,22.00 MAD,https://oulmes.ma/produit/BAH-2x5L,https://oulmes.ma/images/BAH-2x5L.jpg,Bahia,Eau plate > Bahia
BAH-6x150,"Bahia pack 6x1,5L","Eau plate naturelle 6x1,5L | Vendu par pack de 6",in stock,new,24.00 MAD,https://oulmes.ma/produit/BAH-6x150,https://oulmes.ma/images/BAH-6x150.jpg,Bahia,Eau plate > Bahia
BAH-FONTAINE,Fontaine à eau Bahia,Fontaine à eau Bahia | Vendu par unité de 1,in stock,new,1150.00 MAD,https://oulmes.ma/produit/BAH-FONTAINE,https://oulmes.ma/images/BAH-FONTAINE.jpg,Bahia,Bonbonne & Fontaine > Bahia
BNG-AGR-12x25,Banga Agrumes pack 12x25cl,Boisson fruitée Agrumes 12x25cl | Vendu par pack de 12,in stock,new,45.00 MAD,https://oulmes.ma/produit/BNG-AGR-12x25,https://oulmes.ma/images/BNG-AGR-12x25.jpg,Banga,Boisson fruitée > Banga
BNG-AGR-8x1L,Banga Agrumes pack 8x1L,Boisson fruitée Agrumes 8x1L | Vendu par pack de 8,in stock,new,52.00 MAD,https://oulmes.ma/produit/BNG-AGR-8x1L,https://oulmes.ma/images/BNG-AGR-8x1L.jpg,Banga,Boisson fruitée > Banga
BNG-LEM-12x25,Banga Lemon pack 12x25cl,Boisson fruitée Lemon 12x25cl | Vendu par pack de 12,in stock,new,45.00 MAD,https://oulmes.ma/produit/BNG-LEM-12x25,https://oulmes.ma/images/BNG-LEM-12x25.jpg,Banga,Boisson fruitée > Banga
BNG-LEM-8x1L,Banga Lemon pack 8x1L,Boisson fruitée Lemon 8x1L | Vendu par pack de 8,in stock,new,52.00 MAD,https://oulmes.ma/produit/BNG-LEM-8x1L,https://oulmes.ma/images/BNG-LEM-8x1L.jpg,Banga,Boisson fruitée > Banga
BNG-POM-12x25,Banga Pomme pack 12x25cl,Boisson fruitée Pomme 12x25cl | Vendu par pack de 12,in stock,new,45.00 MAD,https://oulmes.ma/produit/BNG-POM-12x25,https://oulmes.ma/images/BNG-POM-12x25.jpg,Banga,Boisson fruitée > Banga
BNG-POM-8x1L,Banga Pomme pack 8x1L,Boisson fruitée Pomme 8x1L | Vendu par pack de 8,in stock,new,52.00 MAD,https://oulmes.ma/produit/BNG-POM-8x1L,https://oulmes.ma/images/BNG-POM-8x1L.jpg,Banga,Boisson fruitée > Banga
BNG-TRP-12x25,Banga Tropical pack 12x25cl,Boisson fruitée Tropical 12x25cl | Vendu par pack de 12,in stock,new,45.00 MAD,https://oulmes.ma/produit/BNG-TRP-12x25,https://oulmes.ma/images/BNG-TRP-12x25.jpg,Banga,Boisson fruitée > Banga
BNG-TRP-8x1L,Banga Tropical pack 8x1L,Boisson fruitée Tropical 8x1L | Vendu par pack de 8,in stock,new,52.00 MAD,https://oulmes.ma/produit/BNG-TRP-8x1L,https://oulmes.ma/images/BNG-TRP-8x1L.jpg,Banga,Boisson fruitée > Banga
GLS-ANAN-6x150,Glass' Ananas pack 6x1.5L,Glass' Ananas 6x1.5L | Vendu par pack de 6,in stock,new,42.00 MAD,https://oulmes.ma/produit/GLS-ANAN-6x150,https://oulmes.ma/images/GLS-ANAN-6x150.jpg,GLASS',Boisson gazeuse > GLASS'
GLS-COLA-CAN,Glass' Cola Canette 12x25cl,Glass' Cola canette 12x25cl | Vendu par pack de 12,in stock,new,36.00 MAD,https://oulmes.ma/produit/GLS-COLA-CAN,https://oulmes.ma/images/GLS-COLA-CAN.jpg,GLASS',Boisson gazeuse > GLASS'
GLS-COLA0-CAN,Glass' Cola Zéro Canette 12x25cl,Glass' Cola Zéro canette 12x25cl | Vendu par pack de 12,in stock,new,36.00 MAD,https://oulmes.ma/produit/GLS-COLA0-CAN,https://oulmes.ma/images/GLS-COLA0-CAN.jpg,GLASS',Boisson gazeuse > GLASS'
GLS-COLA-12x33,Glass' Cola pack 12x33cl,Glass' Cola 12x33cl | Vendu par pack de 12,in stock,new,42.00 MAD,https://oulmes.ma/produit/GLS-COLA-12x33,https://oulmes.ma/images/GLS-COLA-12x33.jpg,GLASS',Boisson gazeuse > GLASS'
GLS-COLA-6x150,Glass' Cola pack 6x1.5L,Glass' Cola 6x1.5L | Vendu par pack de 6,in stock,new,42.00 MAD,https://oulmes.ma/produit/GLS-COLA-6x150,https://oulmes.ma/images/GLS-COLA-6x150.jpg,GLASS',Boisson gazeuse > GLASS'
GLS-COLA-6x1L,Glass' Cola pack 6x1L,Glass' Cola 6x1L | Vendu par pack de 6,in stock,new,30.00 MAD,https://oulmes.ma/produit/GLS-COLA-6x1L,https://oulmes.ma/images/GLS-COLA-6x1L.jpg,GLASS',Boisson gazeuse > GLASS'
GLS-LIME-CAN,Glass' Lime Canette 12x25cl,Glass' Lime canette 12x25cl | Vendu par pack de 12,in stock,new,36.00 MAD,https://oulmes.ma/produit/GLS-LIME-CAN,https://oulmes.ma/images/GLS-LIME-CAN.jpg,GLASS',Boisson gazeuse > GLASS'
GLS-LIME-6x1L,Glass' Lime pack 6x1L,Glass' Lime 6x1L | Vendu par pack de 6,in stock,new,30.00 MAD,https://oulmes.ma/produit/GLS-LIME-6x1L,https://oulmes.ma/images/GLS-LIME-6x1L.jpg,GLASS',Boisson gazeuse > GLASS'
GLS-POM-CAN,Glass' Pomme Canette 12x25cl,Glass' Pomme canette 12x25cl | Vendu par pack de 12,in stock,new,36.00 MAD,https://oulmes.ma/produit/GLS-POM-CAN,https://oulmes.ma/images/GLS-POM-CAN.jpg,GLASS',Boisson gazeuse > GLASS'
GLS-POM-12x33,Glass' Pomme pack 12x33cl,Glass' Pomme 12x33cl | Vendu par pack de 12,in stock,new,42.00 MAD,https://oulmes.ma/produit/GLS-POM-12x33,https://oulmes.ma/images/GLS-POM-12x33.jpg,GLASS',Boisson gazeuse > GLASS'
GLS-POM-6x150,Glass' Pomme pack 6x1.5L,Glass' Pomme 6x1.5L | Vendu par pack de 6,in stock,new,42.00 MAD,https://oulmes.ma/produit/GLS-POM-6x150,https://oulmes.ma/images/GLS-POM-6x150.jpg,GLASS',Boisson gazeuse > GLASS'
GLS-POM-6x1L,Glass' Pomme pack 6x1L,Glass' Pomme 6x1L | Vendu par pack de 6,in stock,new,30.00 MAD,https://oulmes.ma/produit/GLS-POM-6x1L,https://oulmes.ma/images/GLS-POM-6x1L.jpg,GLASS',Boisson gazeuse > GLASS'
GLS-TONIC-CAN,Glass' Tonic Canette 12x25cl,Glass' Tonic canette 12x25cl | Vendu par pack de 12,in stock,new,36.00 MAD,https://oulmes.ma/produit/GLS-TONIC-CAN,https://oulmes.ma/images/GLS-TONIC-CAN.jpg,GLASS',Boisson gazeuse > GLASS'
GLS-TONIC-6x1L,Glass' Tonic pack 6x1L,Glass' Tonic 6x1L | Vendu par pack de 6,in stock,new,30.00 MAD,https://oulmes.ma/produit/GLS-TONIC-6x1L,https://oulmes.ma/images/GLS-TONIC-6x1L.jpg,GLASS',Boisson gazeuse > GLASS'
GLS-TROP-CAN,Glass' Tropical Canette 12x25cl,Glass' Tropical canette 12x25cl | Vendu par pack de 12,in stock,new,36.00 MAD,https://oulmes.ma/produit/GLS-TROP-CAN,https://oulmes.ma/images/GLS-TROP-CAN.jpg,GLASS',Boisson gazeuse > GLASS'
GLS-TROP-12x33,Glass' Tropical pack 12x33cl,Glass' Tropical 12x33cl | Vendu par pack de 12,in stock,new,42.00 MAD,https://oulmes.ma/produit/GLS-TROP-12x33,https://oulmes.ma/images/GLS-TROP-12x33.jpg,GLASS',Boisson gazeuse > GLASS'
GLS-TROP-6x150,Glass' Tropical pack 6x1.5L,Glass' Tropical 6x1.5L | Vendu par pack de 6,in stock,new,42.00 MAD,https://oulmes.ma/produit/GLS-TROP-6x150,https://oulmes.ma/images/GLS-TROP-6x150.jpg,GLASS',Boisson gazeuse > GLASS'
GLS-TROP-6x1L,Glass' Tropical pack 6x1L,Glass' Tropical 6x1L | Vendu par pack de 6,in stock,new,30.00 MAD,https://oulmes.ma/produit/GLS-TROP-6x1L,https://oulmes.ma/images/GLS-TROP-6x1L.jpg,GLASS',Boisson gazeuse > GLASS'
ORA-Z-6x1L,Orangina Zero pack 6x1L,Boisson gazeuse à l'orange zero 6x1L | Vendu par pack de 6,in stock,new,66.00 MAD,https://oulmes.ma/produit/ORA-Z-6x1L,https://oulmes.ma/images/ORA-Z-6x1L.jpg,Orangina,Boisson gazeuse > Orangina
ORA-Z-8x50,Orangina Zero pack 8x50cl,Boisson gazeuse à l'orange zero 8x50cl | Vendu par pack de 8,in stock,new,56.00 MAD,https://oulmes.ma/produit/ORA-Z-8x50,https://oulmes.ma/images/ORA-Z-8x50.jpg,Orangina,Boisson gazeuse > Orangina
ORA-6x1L,Orangina pack 6x1L,Boisson gazeuse à l'orange 6x1L | Vendu par pack de 6,in stock,new,66.00 MAD,https://oulmes.ma/produit/ORA-6x1L,https://oulmes.ma/images/ORA-6x1L.jpg,Orangina,Boisson gazeuse > Orangina
ORA-8x50,Orangina pack 8x50cl,Boisson gazeuse à l'orange 8x50cl | Vendu par pack de 8,in stock,new,56.00 MAD,https://oulmes.ma/produit/ORA-8x50,https://oulmes.ma/images/ORA-8x50.jpg,Orangina,Boisson gazeuse > Orangina
ORA-CAN-12x25,Orangina pack canettes 12x25cl,Boisson gazeuse à l'orange canettes 12x25cl | Vendu par pack de 12,in stock,new,46.80 MAD,https://oulmes.ma/produit/ORA-CAN-12x25,https://oulmes.ma/images/ORA-CAN-12x25.jpg,Orangina,Boisson gazeuse > Orangina
OUL-BF-MOJITO,Oulmès Bulles Fruitées Mojito verre pack 12x25cl,Bulles Fruitées Mojito verre 12x25cl | Vendu par pack de 12,in stock,new,96.00 MAD,https://oulmes.ma/produit/OUL-BF-MOJITO,https://oulmes.ma/images/OUL-BF-MOJITO.jpg,Oulmès,Boisson gazeuse > Oulmès
OUL-BF-ORANGE,Oulmès Bulles Fruitées Orange verre pack 12x25cl,Bulles Fruitées Orange verre 12x25cl | Vendu par pack de 12,in stock,new,96.00 MAD,https://oulmes.ma/produit/OUL-BF-ORANGE,https://oulmes.ma/images/OUL-BF-ORANGE.jpg,Oulmès,Boisson gazeuse > Oulmès
OUL-BF-TROPIC,Oulmès Bulles Fruitées Tropic verre pack 12x25cl,Bulles Fruitées Tropic verre 12x25cl | Vendu par pack de 12,in stock,new,96.00 MAD,https://oulmes.ma/produit/OUL-BF-TROPIC,https://oulmes.ma/images/OUL-BF-TROPIC.jpg,Oulmès,Boisson gazeuse > Oulmès
OUL-BF-ROUGE,Oulmès Bulles Fruitées rouges verre pack 12x25cl,Bulles Fruitées rouges verre 12x25cl | Vendu par pack de 12,in stock,new,96.00 MAD,https://oulmes.ma/produit/OUL-BF-ROUGE,https://oulmes.ma/images/OUL-BF-ROUGE.jpg,Oulmès,Boisson gazeuse > Oulmès
OUL-BF-PINA,Oulmès Bulles Piña Colada verre pack 12x25cl,Bulles Piña Colada verre 12x25cl | Vendu par pack de 12,in stock,new,96.00 MAD,https://oulmes.ma/produit/OUL-BF-PINA,https://oulmes.ma/images/OUL-BF-PINA.jpg,Oulmès,Boisson gazeuse > Oulmès
OUL-VER-12x75,Oulmès Easy Open verre pack 12x75cl,Eau minérale gazeuse Easy Open verre 12x75cl | Vendu par pack de 12,in stock,new,156.00 MAD,https://oulmes.ma/produit/OUL-VER-12x75,https://oulmes.ma/images/OUL-VER-12x75.jpg,Oulmès,Eau gazeuse > Oulmès
OUL-VER-12x25,Oulmès classique verre pack 12x25cl,Eau minérale gazeuse classique verre 12x25cl | Vendu par pack de 12,in stock,new,60.00 MAD,https://oulmes.ma/produit/OUL-VER-12x25,https://oulmes.ma/images/OUL-VER-12x25.jpg,Oulmès,Eau gazeuse > Oulmès
OUL-12x33,Oulmès pack 12x33cl,Eau minérale gazeuse 12x33cl | Vendu par pack de 12,in stock,new,48.00 MAD,https://oulmes.ma/produit/OUL-12x33,https://oulmes.ma/images/OUL-12x33.jpg,Oulmès,Eau gazeuse > Oulmès
OUL-VER-12x33,Oulmès verre pack 12x33cl,Eau minérale gazeuse verre 12x33cl | Vendu par pack de 12,in stock,new,84.00 MAD,https://oulmes.ma/produit/OUL-VER-12x33,https://oulmes.ma/images/OUL-VER-12x33.jpg,Oulmès,Eau gazeuse > Oulmès
SA-SPORT-6x75,Sidi Ali Bouchon sport pack 6x75cl,Eau minérale plate bouchon sport 6x75cl | Vendu par pack de 6,in stock,new,24.00 MAD,https://oulmes.ma/produit/SA-SPORT-6x75,https://oulmes.ma/images/SA-SPORT-6x75.jpg,Sidi Ali,Eau plate > Sidi Ali
SA-KIDS-BATALA,Sidi Ali Kids BATALA vert pack 6x33cl,Eau pour enfants BATALA vert 6x33cl | Vendu par pack de 6,in stock,new,15.00 MAD,https://oulmes.ma/produit/SA-KIDS-BATALA,https://oulmes.ma/images/SA-KIDS-BATALA.jpg,Sidi Ali,Enfants > Sidi Ali
SA-KIDS-MTEWRA,Sidi Ali Kids MTEWRA rouge pack 6x33cl,Eau pour enfants MTEWRA rouge 6x33cl | Vendu par pack de 6,in stock,new,15.00 MAD,https://oulmes.ma/produit/SA-KIDS-MTEWRA,https://oulmes.ma/images/SA-KIDS-MTEWRA.jpg,Sidi Ali,Enfants > Sidi Ali
SA-KIDS-NACHET,Sidi Ali Kids NACHET orange pack 6x33cl,Eau pour enfants NACHET orange 6x33cl | Vendu par pack de 6,in stock,new,15.00 MAD,https://oulmes.ma/produit/SA-KIDS-NACHET,https://oulmes.ma/images/SA-KIDS-NACHET.jpg,Sidi Ali,Enfants > Sidi Ali
SA-KIDS-RIYADI,Sidi Ali Kids RIYADI bleu ciel pack 6x33cl,Eau pour enfants RIYADI bleu ciel 6x33cl | Vendu par pack de 6,in stock,new,15.00 MAD,https://oulmes.ma/produit/SA-KIDS-RIYADI,https://oulmes.ma/images/SA-KIDS-RIYADI.jpg,Sidi Ali,Enfants > Sidi Ali
SA-KIDS-ZINA,Sidi Ali Kids ZINA Rose pack 6x33cl,Eau pour enfants ZINA Rose 6x33cl | Vendu par pack de 6,in stock,new,15.00 MAD,https://oulmes.ma/produit/SA-KIDS-ZINA,https://oulmes.ma/images/SA-KIDS-ZINA.jpg,Sidi Ali,Enfants > Sidi Ali
SA-VER-12x33,Sidi Ali bouteille verre pack 12x33cl,Eau minérale naturelle plate verre 12x33cl | Vendu par pack de 12,in stock,new,72.00 MAD,https://oulmes.ma/produit/SA-VER-12x33,https://oulmes.ma/images/SA-VER-12x33.jpg,Sidi Ali,Eau plate > Sidi Ali
SA-VER-12x50,Sidi Ali bouteille verre pack 12x50cl,Eau minérale naturelle plate verre 12x50cl | Vendu par pack de 12,in stock,new,96.00 MAD,https://oulmes.ma/produit/SA-VER-12x50,https://oulmes.ma/images/SA-VER-12x50.jpg,Sidi Ali,Eau plate > Sidi Ali
SA-VER-12x75,Sidi Ali bouteille verre pack 12x75cl,Eau minérale naturelle plate verre 12x75cl | Vendu par pack de 12,in stock,new,144.00 MAD,https://oulmes.ma/produit/SA-VER-12x75,https://oulmes.ma/images/SA-VER-12x75.jpg,Sidi Ali,Eau plate > Sidi Ali
SA-NAISS-12x50,Sidi Ali naissance pack 12x50cl,Eau minérale spéciale naissance 12x50cl | Vendu par pack de 12,in stock,new,42.00 MAD,https://oulmes.ma/produit/SA-NAISS-12x50,https://oulmes.ma/images/SA-NAISS-12x50.jpg,Sidi Ali,Eau plate > Sidi Ali
SA-12x33,Sidi Ali pack 12x33cl,Eau minérale naturelle plate 12x33cl | Vendu par pack de 12,in stock,new,24.00 MAD,https://oulmes.ma/produit/SA-12x33,https://oulmes.ma/images/SA-12x33.jpg,Sidi Ali,Eau plate > Sidi Ali
SA-12x50,Sidi Ali pack 12x50cl,Eau minérale naturelle plate 12x50cl | Vendu par pack de 12,in stock,new,42.00 MAD,https://oulmes.ma/produit/SA-12x50,https://oulmes.ma/images/SA-12x50.jpg,Sidi Ali,Eau plate > Sidi Ali
SA-4x2L,Sidi Ali pack 4x2L,Eau minérale naturelle plate 4x2L | Vendu par pack de 4,in stock,new,24.00 MAD,https://oulmes.ma/produit/SA-4x2L,https://oulmes.ma/images/SA-4x2L.jpg,Sidi Ali,Eau plate > Sidi Ali
SA-6x150,"Sidi Ali pack 6x1,5L","Eau minérale naturelle plate 6x1,5L | Vendu par pack de 6",in stock,new,33.00 MAD,https://oulmes.ma/produit/SA-6x150,https://oulmes.ma/images/SA-6x150.jpg,Sidi Ali,Eau plate > Sidi Ali
SA-6x1L,Sidi Ali pack 6x1L,Eau minérale naturelle plate 6x1L | Vendu par pack de 6,in stock,new,27.00 MAD,https://oulmes.ma/produit/SA-6x1L,https://oulmes.ma/images/SA-6x1L.jpg,Sidi Ali,Eau plate > Sidi Ali
VIT-FONTAINE,Fontaine à eau Vitalya,Fontaine à eau Vitalya | Vendu par unité de 1,in stock,new,1390.00 MAD,https://oulmes.ma/produit/VIT-FONTAINE,https://oulmes.ma/images/VIT-FONTAINE.jpg,Vitalya,Bonbonne & Fontaine > Vitalya
VIT-ALC-12x50,Vitalya alcaline pack 12x50cl,Eau alcaline enrichie 12x50cl | Vendu par pack de 12,in stock,new,48.00 MAD,https://oulmes.ma/produit/VIT-ALC-12x50,https://oulmes.ma/images/VIT-ALC-12x50.jpg,Vitalya,Eau fonctionnelle > Vitalya
VIT-BON-AC,"Vitalya bonbonne 18,9L avec consignation","Bonbonne Vitalya 18,9L avec consignation | Vendu par unité de 1",in stock,new,65.00 MAD,https://oulmes.ma/produit/VIT-BON-AC,https://oulmes.ma/images/VIT-BON-AC.jpg,Vitalya,Bonbonne & Fontaine > Vitalya
VIT-BON-SC,"Vitalya bonbonne 18,9L sans consignation","Bonbonne Vitalya 18,9L sans consignation | Vendu par unité de 1",in stock,new,45.00 MAD,https://oulmes.ma/produit/VIT-BON-SC,https://oulmes.ma/images/VIT-BON-SC.jpg,Vitalya,Bonbonne & Fontaine > Vitalya
VIT-BOOST-12x50,Vitalya boost pack 12x50cl,Eau boost enrichie 12x50cl | Vendu par pack de 12,in stock,new,48.00 MAD,https://oulmes.ma/produit/VIT-BOOST-12x50,https://oulmes.ma/images/VIT-BOOST-12x50.jpg,Vitalya,Eau fonctionnelle > Vitalya
VIT-12x33,Vitalya pack 12x33cl,Eau minérale enrichie 12x33cl | Vendu par pack de 12,in stock,new,24.00 MAD,https://oulmes.ma/produit/VIT-12x33,https://oulmes.ma/images/VIT-12x33.jpg,Vitalya,Eau plate > Vitalya
VIT-12x50,Vitalya pack 12x50cl,Eau minérale enrichie 12x50cl | Vendu par pack de 12,in stock,new,36.00 MAD,https://oulmes.ma/produit/VIT-12x50,https://oulmes.ma/images/VIT-12x50.jpg,Vitalya,Eau plate > Vitalya
VIT-2x5L,Vitalya pack 2x5L,Eau minérale enrichie 2x5L | Vendu par pack de 2,in stock,new,26.00 MAD,https://oulmes.ma/produit/VIT-2x5L,https://oulmes.ma/images/VIT-2x5L.jpg,Vitalya,Eau plate > Vitalya
VIT-4x2L,Vitalya pack 4x2L,Eau minérale enrichie 4x2L | Vendu par pack de 4,in stock,new,24.00 MAD,https://oulmes.ma/produit/VIT-4x2L,https://oulmes.ma/images/VIT-4x2L.jpg,Vitalya,Eau plate > Vitalya
VIT-6x150,"Vitalya pack 6x1,5L","Eau minérale enrichie 6x1,5L | Vendu par pack de 6",in stock,new,30.00 MAD,https://oulmes.ma/produit/VIT-6x150,https://oulmes.ma/images/VIT-6x150.jpg,Vitalya,Eau plate > Vitalya
